year,state,party,votes
1976,ALABAMA,REPUBLICAN,504070
1976,ALASKA,REPUBLICAN,71555
1976,ARIZONA,REPUBLICAN,418642
1976,ARKANSAS,REPUBLICAN,267903
1976,CALIFORNIA,REPUBLICAN,3882244
1976,COLORADO,REPUBLICAN,584278
1976,CONNECTICUT,REPUBLICAN,719261
1976,DELAWARE,REPUBLICAN,109780
1976,DISTRICT OF COLUMBIA,REPUBLICAN,27873
1976,FLORIDA,REPUBLICAN,1469531
1976,GEORGIA,REPUBLICAN,483743
1976,HAWAII,REPUBLICAN,140003
1976,IDAHO,REPUBLICAN,204151
1976,ILLINOIS,REPUBLICAN,2364269
1976,INDIANA,REPUBLICAN,1183958
1976,IOWA,REPUBLICAN,632864
1976,KANSAS,REPUBLICAN,502752
1976,KENTUCKY,REPUBLICAN,531852
1976,LOUISIANA,REPUBLICAN,587446
1976,MAINE,REPUBLICAN,236320
1976,MARYLAND,REPUBLICAN,672661
1976,MASSACHUSETTS,REPUBLICAN,1030276
1976,MICHIGAN,REPUBLICAN,1893742
1976,MINNESOTA,REPUBLICAN,819395
1976,MISSISSIPPI,REPUBLICAN,366846
1976,MISSOURI,REPUBLICAN,927443
1976,MONTANA,REPUBLICAN,173703
1976,NEBRASKA,REPUBLICAN,359219
1976,NEVADA,REPUBLICAN,101273
1976,NEW HAMPSHIRE,REPUBLICAN,185935
1976,NEW JERSEY,REPUBLICAN,1509688
1976,NEW MEXICO,REPUBLICAN,211419
1976,NEW YORK,REPUBLICAN,2825913
1976,NORTH CAROLINA,REPUBLICAN,741960
1976,NORTH DAKOTA,REPUBLICAN,153684
1976,OHIO,REPUBLICAN,2000626
1976,OKLAHOMA,REPUBLICAN,545708
1976,OREGON,REPUBLICAN,492120
1976,PENNSYLVANIA,REPUBLICAN,2205604
1976,RHODE ISLAND,REPUBLICAN,181249
1976,SOUTH CAROLINA,REPUBLICAN,346149
1976,SOUTH DAKOTA,REPUBLICAN,151505
1976,TENNESSEE,REPUBLICAN,633969
1976,TEXAS,REPUBLICAN,1953300
1976,UTAH,REPUBLICAN,337908
1976,VERMONT,REPUBLICAN,100387
1976,VIRGINIA,REPUBLICAN,836554
1976,WASHINGTON,REPUBLICAN,777732
1976,WEST VIRGINIA,REPUBLICAN,314726
1976,WISCONSIN,REPUBLICAN,1004987
1976,WYOMING,REPUBLICAN,92717
1980,ALABAMA,REPUBLICAN,654192
1980,ALASKA,REPUBLICAN,86112
1980,ARIZONA,REPUBLICAN,529688
1980,ARKANSAS,REPUBLICAN,403164
1980,CALIFORNIA,REPUBLICAN,4522994
1980,COLORADO,REPUBLICAN,652264
1980,CONNECTICUT,REPUBLICAN,677210
1980,DELAWARE,REPUBLICAN,111252
1980,DISTRICT OF COLUMBIA,REPUBLICAN,23313
1980,FLORIDA,REPUBLICAN,2046951
1980,GEORGIA,REPUBLICAN,654168
1980,HAWAII,REPUBLICAN,130112
1980,IDAHO,REPUBLICAN,290699
1980,ILLINOIS,REPUBLICAN,2358049
1980,INDIANA,REPUBLICAN,1255656
1980,IOWA,REPUBLICAN,676026
1980,KANSAS,REPUBLICAN,566812
1980,KENTUCKY,REPUBLICAN,635274
1980,LOUISIANA,REPUBLICAN,792853
1980,MAINE,REPUBLICAN,238522
1980,MARYLAND,REPUBLICAN,680606
1980,MASSACHUSETTS,REPUBLICAN,1057631
1980,MICHIGAN,REPUBLICAN,1915225
1980,MINNESOTA,REPUBLICAN,873268
1980,MISSISSIPPI,REPUBLICAN,441089
1980,MISSOURI,REPUBLICAN,1074181
1980,MONTANA,REPUBLICAN,206814
1980,NEBRASKA,REPUBLICAN,419214
1980,NEVADA,REPUBLICAN,155017
1980,NEW HAMPSHIRE,REPUBLICAN,221705
1980,NEW JERSEY,REPUBLICAN,1546557
1980,NEW MEXICO,REPUBLICAN,250779
1980,NEW YORK,REPUBLICAN,2637700
1980,NORTH CAROLINA,REPUBLICAN,915018
1980,NORTH DAKOTA,REPUBLICAN,193695
1980,OHIO,REPUBLICAN,2206545
1980,OKLAHOMA,REPUBLICAN,695570
1980,OREGON,REPUBLICAN,571044
1980,PENNSYLVANIA,REPUBLICAN,2261872
1980,RHODE ISLAND,REPUBLICAN,154793
1980,SOUTH CAROLINA,REPUBLICAN,439277
1980,SOUTH DAKOTA,REPUBLICAN,198343
1980,TENNESSEE,REPUBLICAN,787761
1980,TEXAS,REPUBLICAN,2510705
1980,UTAH,REPUBLICAN,439687
1980,VERMONT,REPUBLICAN,94628
1980,VIRGINIA,REPUBLICAN,989609
1980,WASHINGTON,REPUBLICAN,865244
1980,WEST VIRGINIA,REPUBLICAN,334206
1980,WISCONSIN,REPUBLICAN,1088845
1980,WYOMING,REPUBLICAN,110700
1984,ALABAMA,REPUBLICAN,872849
1984,ALASKA,REPUBLICAN,138377
1984,ARIZONA,REPUBLICAN,681416
1984,ARKANSAS,REPUBLICAN,534774
1984,CALIFORNIA,REPUBLICAN,5467009
1984,COLORADO,REPUBLICAN,821817
1984,CONNECTICUT,REPUBLICAN,890877
1984,DELAWARE,REPUBLICAN,152190
1984,DISTRICT OF COLUMBIA,REPUBLICAN,29009
1984,FLORIDA,REPUBLICAN,2730350
1984,GEORGIA,REPUBLICAN,1068722
1984,HAWAII,REPUBLICAN,185050
1984,IDAHO,REPUBLICAN,297523
1984,ILLINOIS,REPUBLICAN,2707103
1984,INDIANA,REPUBLICAN,1377230
1984,IOWA,REPUBLICAN,703088
1984,KANSAS,REPUBLICAN,677296
1984,KENTUCKY,REPUBLICAN,821702
1984,LOUISIANA,REPUBLICAN,1037299
1984,MAINE,REPUBLICAN,336500
1984,MARYLAND,REPUBLICAN,879918
1984,MASSACHUSETTS,REPUBLICAN,1310936
1984,MICHIGAN,REPUBLICAN,2251571
1984,MINNESOTA,REPUBLICAN,1032603
1984,MISSISSIPPI,REPUBLICAN,582377
1984,MISSOURI,REPUBLICAN,1274188
1984,MONTANA,REPUBLICAN,232450
1984,NEBRASKA,REPUBLICAN,460054
1984,NEVADA,REPUBLICAN,188770
1984,NEW HAMPSHIRE,REPUBLICAN,267050
1984,NEW JERSEY,REPUBLICAN,1933630
1984,NEW MEXICO,REPUBLICAN,307101
1984,NEW YORK,REPUBLICAN,3376519
1984,NORTH CAROLINA,REPUBLICAN,1346481
1984,NORTH DAKOTA,REPUBLICAN,200336
1984,OHIO,REPUBLICAN,2678559
1984,OKLAHOMA,REPUBLICAN,861530
1984,OREGON,REPUBLICAN,685700
1984,PENNSYLVANIA,REPUBLICAN,2584323
1984,RHODE ISLAND,REPUBLICAN,212080
1984,SOUTH CAROLINA,REPUBLICAN,615539
1984,SOUTH DAKOTA,REPUBLICAN,200267
1984,TENNESSEE,REPUBLICAN,990212
1984,TEXAS,REPUBLICAN,3433428
1984,UTAH,REPUBLICAN,469105
1984,VERMONT,REPUBLICAN,135865
1984,VIRGINIA,REPUBLICAN,1337078
1984,WASHINGTON,REPUBLICAN,1051670
1984,WEST VIRGINIA,REPUBLICAN,405483
1984,WISCONSIN,REPUBLICAN,1198584
1984,WYOMING,REPUBLICAN,133241
1988,ALABAMA,REPUBLICAN,815576
1988,ALASKA,REPUBLICAN,119251
1988,ARIZONA,REPUBLICAN,702541
1988,ARKANSAS,REPUBLICAN,466578
1988,CALIFORNIA,REPUBLICAN,5054917
1988,COLORADO,REPUBLICAN,728177
1988,CONNECTICUT,REPUBLICAN,750241
1988,DELAWARE,REPUBLICAN,139639
1988,DISTRICT OF COLUMBIA,REPUBLICAN,27590
1988,FLORIDA,REPUBLICAN,2618885
1988,GEORGIA,REPUBLICAN,1081331
1988,HAWAII,REPUBLICAN,158625
1988,IDAHO,REPUBLICAN,253881
1988,ILLINOIS,REPUBLICAN,2310939
1988,INDIANA,REPUBLICAN,1297763
1988,IOWA,REPUBLICAN,545355
1988,KANSAS,REPUBLICAN,554049
1988,KENTUCKY,REPUBLICAN,734281
1988,LOUISIANA,REPUBLICAN,883702
1988,MAINE,REPUBLICAN,307131
1988,MARYLAND,REPUBLICAN,876167
1988,MASSACHUSETTS,REPUBLICAN,1194635
1988,MICHIGAN,REPUBLICAN,1965486
1988,MINNESOTA,REPUBLICAN,962337
1988,MISSISSIPPI,REPUBLICAN,557890
1988,MISSOURI,REPUBLICAN,1084953
1988,MONTANA,REPUBLICAN,190412
1988,NEBRASKA,REPUBLICAN,397956
1988,NEVADA,REPUBLICAN,206040
1988,NEW HAMPSHIRE,REPUBLICAN,281537
1988,NEW JERSEY,REPUBLICAN,1743192
1988,NEW MEXICO,REPUBLICAN,270341
1988,NEW YORK,REPUBLICAN,2838414
1988,NORTH CAROLINA,REPUBLICAN,1237258
1988,NORTH DAKOTA,REPUBLICAN,166559
1988,OHIO,REPUBLICAN,2416549
1988,OKLAHOMA,REPUBLICAN,678367
1988,OREGON,REPUBLICAN,560126
1988,PENNSYLVANIA,REPUBLICAN,2300087
1988,RHODE ISLAND,REPUBLICAN,177761
1988,SOUTH CAROLINA,REPUBLICAN,606443
1988,SOUTH DAKOTA,REPUBLICAN,165415
1988,TENNESSEE,REPUBLICAN,947233
1988,TEXAS,REPUBLICAN,3036829
1988,UTAH,REPUBLICAN,428442
1988,VERMONT,REPUBLICAN,124331
1988,VIRGINIA,REPUBLICAN,1309162
1988,WASHINGTON,REPUBLICAN,903835
1988,WEST VIRGINIA,REPUBLICAN,310065
1988,WISCONSIN,REPUBLICAN,1047499
1988,WYOMING,REPUBLICAN,106867
1992,ALABAMA,REPUBLICAN,804283
1992,ALASKA,REPUBLICAN,102000
1992,ARIZONA,REPUBLICAN,572086
1992,ARKANSAS,REPUBLICAN,337324
1992,CALIFORNIA,REPUBLICAN,3630574
1992,COLORADO,REPUBLICAN,562850
1992,CONNECTICUT,REPUBLICAN,578313
1992,DELAWARE,REPUBLICAN,102313
1992,DISTRICT OF COLUMBIA,REPUBLICAN,20698
1992,FLORIDA,REPUBLICAN,2173310
1992,GEORGIA,REPUBLICAN,995252
1992,HAWAII,REPUBLICAN,136822
1992,IDAHO,REPUBLICAN,202645
1992,ILLINOIS,REPUBLICAN,1734096
1992,INDIANA,REPUBLICAN,989375
1992,IOWA,REPUBLICAN,504891
1992,KANSAS,REPUBLICAN,449951
1992,KENTUCKY,REPUBLICAN,617178
1992,LOUISIANA,REPUBLICAN,733386
1992,MAINE,REPUBLICAN,206504
1992,MARYLAND,REPUBLICAN,707094
1992,MASSACHUSETTS,REPUBLICAN,805039
1992,MICHIGAN,REPUBLICAN,1554940
1992,MINNESOTA,REPUBLICAN,747841
1992,MISSISSIPPI,REPUBLICAN,487793
1992,MISSOURI,REPUBLICAN,811159
1992,MONTANA,REPUBLICAN,144207
1992,NEBRASKA,REPUBLICAN,343678
1992,NEVADA,REPUBLICAN,175828
1992,NEW HAMPSHIRE,REPUBLICAN,202484
1992,NEW JERSEY,REPUBLICAN,1356865
1992,NEW MEXICO,REPUBLICAN,212824
1992,NEW YORK,REPUBLICAN,2041690
1992,NORTH CAROLINA,REPUBLICAN,1134661
1992,NORTH DAKOTA,REPUBLICAN,136244
1992,OHIO,REPUBLICAN,1894310
1992,OKLAHOMA,REPUBLICAN,592929
1992,OREGON,REPUBLICAN,475757
1992,PENNSYLVANIA,REPUBLICAN,1791841
1992,RHODE ISLAND,REPUBLICAN,131601
1992,SOUTH CAROLINA,REPUBLICAN,577507
1992,SOUTH DAKOTA,REPUBLICAN,136718
1992,TENNESSEE,REPUBLICAN,841300
1992,TEXAS,REPUBLICAN,2496071
1992,UTAH,REPUBLICAN,322632
1992,VERMONT,REPUBLICAN,88122
1992,VIRGINIA,REPUBLICAN,1150517
1992,WASHINGTON,REPUBLICAN,731234
1992,WEST VIRGINIA,REPUBLICAN,241974
1992,WISCONSIN,REPUBLICAN,930855
1992,WYOMING,REPUBLICAN,79347
1996,ALABAMA,REPUBLICAN,769044
1996,ALASKA,REPUBLICAN,122746
1996,ARIZONA,REPUBLICAN,622073
1996,ARKANSAS,REPUBLICAN,325416
1996,CALIFORNIA,REPUBLICAN,3828381
1996,COLORADO,REPUBLICAN,691848
1996,CONNECTICUT,REPUBLICAN,483109
1996,DELAWARE,REPUBLICAN,99062
1996,DISTRICT OF COLUMBIA,REPUBLICAN,17339
1996,FLORIDA,REPUBLICAN,2244536
1996,GEORGIA,REPUBLICAN,1080843
1996,HAWAII,REPUBLICAN,113943
1996,IDAHO,REPUBLICAN,256595
1996,ILLINOIS,REPUBLICAN,1587021
1996,INDIANA,REPUBLICAN,1006693
1996,IOWA,REPUBLICAN,492644
1996,KANSAS,REPUBLICAN,583245
1996,KENTUCKY,REPUBLICAN,623283
1996,LOUISIANA,REPUBLICAN,712586
1996,MAINE,REPUBLICAN,186378
1996,MARYLAND,REPUBLICAN,681530
1996,MASSACHUSETTS,REPUBLICAN,718058
1996,MICHIGAN,REPUBLICAN,1481212
1996,MINNESOTA,REPUBLICAN,766395
1996,MISSISSIPPI,REPUBLICAN,439838
1996,MISSOURI,REPUBLICAN,890016
1996,MONTANA,REPUBLICAN,179652
1996,NEBRASKA,REPUBLICAN,363467
1996,NEVADA,REPUBLICAN,199244
1996,NEW HAMPSHIRE,REPUBLICAN,196486
1996,NEW JERSEY,REPUBLICAN,1103099
1996,NEW MEXICO,REPUBLICAN,232751
1996,NEW YORK,REPUBLICAN,1738707
1996,NORTH CAROLINA,REPUBLICAN,1225938
1996,NORTH DAKOTA,REPUBLICAN,125050
1996,OHIO,REPUBLICAN,1859883
1996,OKLAHOMA,REPUBLICAN,582315
1996,OREGON,REPUBLICAN,538152
1996,PENNSYLVANIA,REPUBLICAN,1801169
1996,RHODE ISLAND,REPUBLICAN,104683
1996,SOUTH CAROLINA,REPUBLICAN,573339
1996,SOUTH DAKOTA,REPUBLICAN,150543
1996,TENNESSEE,REPUBLICAN,863530
1996,TEXAS,REPUBLICAN,2736167
1996,UTAH,REPUBLICAN,361911
1996,VERMONT,REPUBLICAN,80352
1996,VIRGINIA,REPUBLICAN,1138350
1996,WASHINGTON,REPUBLICAN,840712
1996,WEST VIRGINIA,REPUBLICAN,233946
1996,WISCONSIN,REPUBLICAN,845029
1996,WYOMING,REPUBLICAN,105388
2000,ALABAMA,REPUBLICAN,941173
2000,ALASKA,REPUBLICAN,167398
2000,ARIZONA,REPUBLICAN,781652
2000,ARKANSAS,REPUBLICAN,472940
2000,CALIFORNIA,REPUBLICAN,4567429
2000,COLORADO,REPUBLICAN,883748
2000,CONNECTICUT,REPUBLICAN,561094
2000,DELAWARE,REPUBLICAN,137288
2000,DISTRICT OF COLUMBIA,REPUBLICAN,18073
2000,FLORIDA,REPUBLICAN,2912790
2000,GEORGIA,REPUBLICAN,1419720
2000,HAWAII,REPUBLICAN,137845
2000,IDAHO,REPUBLICAN,336937
2000,ILLINOIS,REPUBLICAN,2019421
2000,INDIANA,REPUBLICAN,1245836
2000,IOWA,REPUBLICAN,634373
2000,KANSAS,REPUBLICAN,622332
2000,KENTUCKY,REPUBLICAN,872520
2000,LOUISIANA,REPUBLICAN,927871
2000,MAINE,REPUBLICAN,286616
2000,MARYLAND,REPUBLICAN,813827
2000,MASSACHUSETTS,REPUBLICAN,878502
2000,MICHIGAN,REPUBLICAN,1953139
2000,MINNESOTA,REPUBLICAN,1109659
2000,MISSISSIPPI,REPUBLICAN,572844
2000,MISSOURI,REPUBLICAN,1189924
2000,MONTANA,REPUBLICAN,240178
2000,NEBRASKA,REPUBLICAN,433862
2000,NEVADA,REPUBLICAN,301575
2000,NEW HAMPSHIRE,REPUBLICAN,273559
2000,NEW JERSEY,REPUBLICAN,1284173
2000,NEW MEXICO,REPUBLICAN,286417
2000,NEW YORK,REPUBLICAN,2258577
2000,NORTH CAROLINA,REPUBLICAN,1631163
2000,NORTH DAKOTA,REPUBLICAN,174852
2000,OHIO,REPUBLICAN,2350363
2000,OKLAHOMA,REPUBLICAN,744337
2000,OREGON,REPUBLICAN,713577
2000,PENNSYLVANIA,REPUBLICAN,2281127
2000,RHODE ISLAND,REPUBLICAN,130555
2000,SOUTH CAROLINA,REPUBLICAN,786892
2000,SOUTH DAKOTA,REPUBLICAN,190700
2000,TENNESSEE,REPUBLICAN,1061949
2000,TEXAS,REPUBLICAN,3799639
2000,UTAH,REPUBLICAN,515096
2000,VERMONT,REPUBLICAN,119775
2000,VIRGINIA,REPUBLICAN,1437490
2000,WASHINGTON,REPUBLICAN,1108864
2000,WEST VIRGINIA,REPUBLICAN,336475
2000,WISCONSIN,REPUBLICAN,1237279
2000,WYOMING,REPUBLICAN,147947
2004,ALABAMA,REPUBLICAN,1176394
2004,ALASKA,REPUBLICAN,190889
2004,ARIZONA,REPUBLICAN,1104294
2004,ARKANSAS,REPUBLICAN,572898
2004,CALIFORNIA,REPUBLICAN,5509826
2004,COLORADO,REPUBLICAN,1101255
2004,CONNECTICUT,REPUBLICAN,693826
2004,DELAWARE,REPUBLICAN,171660
2004,DISTRICT OF COLUMBIA,REPUBLICAN,21256
2004,FLORIDA,REPUBLICAN,3964522
2004,GEORGIA,REPUBLICAN,1914254
2004,HAWAII,REPUBLICAN,194191
2004,IDAHO,REPUBLICAN,409235
2004,ILLINOIS,REPUBLICAN,2345946
2004,INDIANA,REPUBLICAN,1479438
2004,IOWA,REPUBLICAN,751957
2004,KANSAS,REPUBLICAN,736456
2004,KENTUCKY,REPUBLICAN,1069439
2004,LOUISIANA,REPUBLICAN,1102169
2004,MAINE,REPUBLICAN,330201
2004,MARYLAND,REPUBLICAN,1024703
2004,MASSACHUSETTS,REPUBLICAN,1071109
2004,MICHIGAN,REPUBLICAN,2313746
2004,MINNESOTA,REPUBLICAN,1346695
2004,MISSISSIPPI,REPUBLICAN,672660
2004,MISSOURI,REPUBLICAN,1455713
2004,MONTANA,REPUBLICAN,266063
2004,NEBRASKA,REPUBLICAN,512814
2004,NEVADA,REPUBLICAN,418690
2004,NEW HAMPSHIRE,REPUBLICAN,331237
2004,NEW JERSEY,REPUBLICAN,1670003
2004,NEW MEXICO,REPUBLICAN,376930
2004,NEW YORK,REPUBLICAN,2806993
2004,NORTH CAROLINA,REPUBLICAN,1961166
2004,NORTH DAKOTA,REPUBLICAN,196651
2004,OHIO,REPUBLICAN,2859764
2004,OKLAHOMA,REPUBLICAN,959792
2004,OREGON,REPUBLICAN,866831
2004,PENNSYLVANIA,REPUBLICAN,2793847
2004,RHODE ISLAND,REPUBLICAN,169046
2004,SOUTH CAROLINA,REPUBLICAN,937974
2004,SOUTH DAKOTA,REPUBLICAN,232584
2004,TENNESSEE,REPUBLICAN,1384375
2004,TEXAS,REPUBLICAN,4526917
2004,UTAH,REPUBLICAN,663742
2004,VERMONT,REPUBLICAN,121180
2004,VIRGINIA,REPUBLICAN,1716959
2004,WASHINGTON,REPUBLICAN,1304894
2004,WEST VIRGINIA,REPUBLICAN,423778
2004,WISCONSIN,REPUBLICAN,1478120
2004,WYOMING,REPUBLICAN,167629
2008,ALABAMA,REPUBLICAN,1266546
2008,ALASKA,REPUBLICAN,193841
2008,ARIZONA,REPUBLICAN,1230111
2008,ARKANSAS,REPUBLICAN,638017
2008,CALIFORNIA,REPUBLICAN,5011781
2008,COLORADO,REPUBLICAN,1073589
2008,CONNECTICUT,REPUBLICAN,629428
2008,DELAWARE,REPUBLICAN,152374
2008,DISTRICT OF COLUMBIA,REPUBLICAN,17367
2008,FLORIDA,REPUBLICAN,4045624
2008,GEORGIA,REPUBLICAN,2048759
2008,HAWAII,REPUBLICAN,120566
2008,IDAHO,REPUBLICAN,403012
2008,ILLINOIS,REPUBLICAN,2031179
2008,INDIANA,REPUBLICAN,1345648
2008,IOWA,REPUBLICAN,682379
2008,KANSAS,REPUBLICAN,699655
2008,KENTUCKY,REPUBLICAN,1048462
2008,LOUISIANA,REPUBLICAN,1148275
2008,MAINE,REPUBLICAN,295273
2008,MARYLAND,REPUBLICAN,959862
2008,MASSACHUSETTS,REPUBLICAN,1108854
2008,MICHIGAN,REPUBLICAN,2048639
2008,MINNESOTA,REPUBLICAN,1275409
2008,MISSISSIPPI,REPUBLICAN,724597
2008,MISSOURI,REPUBLICAN,1445814
2008,MONTANA,REPUBLICAN,242763
2008,NEBRASKA,REPUBLICAN,452979
2008,NEVADA,REPUBLICAN,412827
2008,NEW HAMPSHIRE,REPUBLICAN,316534
2008,NEW JERSEY,REPUBLICAN,1613207
2008,NEW MEXICO,REPUBLICAN,346832
2008,NEW YORK,REPUBLICAN,2418323
2008,NORTH CAROLINA,REPUBLICAN,2128474
2008,NORTH DAKOTA,REPUBLICAN,168601
2008,OHIO,REPUBLICAN,2677820
2008,OKLAHOMA,REPUBLICAN,960165
2008,OREGON,REPUBLICAN,738475
2008,PENNSYLVANIA,REPUBLICAN,2655885
2008,RHODE ISLAND,REPUBLICAN,165391
2008,SOUTH CAROLINA,REPUBLICAN,1034896
2008,SOUTH DAKOTA,REPUBLICAN,203054
2008,TENNESSEE,REPUBLICAN,1479178
2008,TEXAS,REPUBLICAN,4479328
2008,UTAH,REPUBLICAN,596030
2008,VERMONT,REPUBLICAN,98974
2008,VIRGINIA,REPUBLICAN,1725005
2008,WASHINGTON,REPUBLICAN,1229216
2008,WEST VIRGINIA,REPUBLICAN,397466
2008,WISCONSIN,REPUBLICAN,1262393
2008,WYOMING,REPUBLICAN,164958
2012,ALABAMA,REPUBLICAN,1255925
2012,ALASKA,REPUBLICAN,164676
2012,ARIZONA,REPUBLICAN,1233654
2012,ARKANSAS,REPUBLICAN,647744
2012,CALIFORNIA,REPUBLICAN,4839958
2012,COLORADO,REPUBLICAN,1185243
2012,CONNECTICUT,REPUBLICAN,634892
2012,DELAWARE,REPUBLICAN,165484
2012,DISTRICT OF COLUMBIA,REPUBLICAN,21381
2012,FLORIDA,REPUBLICAN,4163447
2012,GEORGIA,REPUBLICAN,2078688
2012,HAWAII,REPUBLICAN,121015
2012,IDAHO,REPUBLICAN,420911
2012,ILLINOIS,REPUBLICAN,2135216
2012,INDIANA,REPUBLICAN,1420543
2012,IOWA,REPUBLICAN,730617
2012,KANSAS,REPUBLICAN,692634
2012,KENTUCKY,REPUBLICAN,1087190
2012,LOUISIANA,REPUBLICAN,1152262
2012,MAINE,REPUBLICAN,292276
2012,MARYLAND,REPUBLICAN,971869
2012,MASSACHUSETTS,REPUBLICAN,1188314
2012,MICHIGAN,REPUBLICAN,2115256
2012,MINNESOTA,REPUBLICAN,1320225
2012,MISSISSIPPI,REPUBLICAN,710746
2012,MISSOURI,REPUBLICAN,1482440
2012,MONTANA,REPUBLICAN,267928
2012,NEBRASKA,REPUBLICAN,475064
2012,NEVADA,REPUBLICAN,463567
2012,NEW HAMPSHIRE,REPUBLICAN,329918
2012,NEW JERSEY,REPUBLICAN,1478088
2012,NEW MEXICO,REPUBLICAN,335788
2012,NEW YORK,REPUBLICAN,2223397
2012,NORTH CAROLINA,REPUBLICAN,2270395
2012,NORTH DAKOTA,REPUBLICAN,188320
2012,OHIO,REPUBLICAN,2661407
2012,OKLAHOMA,REPUBLICAN,891325
2012,OREGON,REPUBLICAN,754175
2012,PENNSYLVANIA,REPUBLICAN,2680434
2012,RHODE ISLAND,REPUBLICAN,157204
2012,SOUTH CAROLINA,REPUBLICAN,1071645
2012,SOUTH DAKOTA,REPUBLICAN,210610
2012,TENNESSEE,REPUBLICAN,1462330
2012,TEXAS,REPUBLICAN,4569843
2012,UTAH,REPUBLICAN,740600
2012,VERMONT,REPUBLICAN,92698
2012,VIRGINIA,REPUBLICAN,1822522
2012,WASHINGTON,REPUBLICAN,1290670
2012,WEST VIRGINIA,REPUBLICAN,417655
2012,WISCONSIN,REPUBLICAN,1410966
2012,WYOMING,REPUBLICAN,170962
2016,ALABAMA,REPUBLICAN,1318255
2016,ALASKA,REPUBLICAN,163387
2016,ARIZONA,REPUBLICAN,1252401
2016,ARKANSAS,REPUBLICAN,684872
2016,CALIFORNIA,REPUBLICAN,4483810
2016,COLORADO,REPUBLICAN,1202484
2016,CONNECTICUT,REPUBLICAN,673215
2016,DELAWARE,REPUBLICAN,185127
2016,DISTRICT OF COLUMBIA,REPUBLICAN,12723
2016,FLORIDA,REPUBLICAN,4617886
2016,GEORGIA,REPUBLICAN,2089104
2016,HAWAII,REPUBLICAN,128847
2016,IDAHO,REPUBLICAN,409055
2016,ILLINOIS,REPUBLICAN,2146015
2016,INDIANA,REPUBLICAN,1557286
2016,IOWA,REPUBLICAN,800983
2016,KANSAS,REPUBLICAN,671018
2016,KENTUCKY,REPUBLICAN,1202971
2016,LOUISIANA,REPUBLICAN,1178638
2016,MAINE,REPUBLICAN,335593
2016,MARYLAND,REPUBLICAN,943428
2016,MASSACHUSETTS,REPUBLICAN,1090893
2016,MICHIGAN,REPUBLICAN,2279543
2016,MINNESOTA,REPUBLICAN,1322949
2016,MISSISSIPPI,REPUBLICAN,700714
2016,MISSOURI,REPUBLICAN,1594511
2016,MONTANA,REPUBLICAN,279240
2016,NEBRASKA,REPUBLICAN,495961
2016,NEVADA,REPUBLICAN,512058
2016,NEW HAMPSHIRE,REPUBLICAN,345790
2016,NEW JERSEY,REPUBLICAN,1601933
2016,NEW MEXICO,REPUBLICAN,319667
2016,NEW YORK,REPUBLICAN,2527142
2016,NORTH CAROLINA,REPUBLICAN,2362631
2016,NORTH DAKOTA,REPUBLICAN,216794
2016,OHIO,REPUBLICAN,2841005
2016,OKLAHOMA,REPUBLICAN,949136
2016,OREGON,REPUBLICAN,782403
2016,PENNSYLVANIA,REPUBLICAN,2970733
2016,RHODE ISLAND,REPUBLICAN,180543
2016,SOUTH CAROLINA,REPUBLICAN,1155389
2016,SOUTH DAKOTA,REPUBLICAN,227721
2016,TENNESSEE,REPUBLICAN,1522925
2016,TEXAS,REPUBLICAN,4685047
2016,UTAH,REPUBLICAN,515211
2016,VERMONT,REPUBLICAN,95369
2016,VIRGINIA,REPUBLICAN,1769443
2016,WASHINGTON,REPUBLICAN,1221747
2016,WEST VIRGINIA,REPUBLICAN,489371
2016,WISCONSIN,REPUBLICAN,1405284
2016,WYOMING,REPUBLICAN,174419
2020,ALABAMA,REPUBLICAN,1441170
2020,ALASKA,REPUBLICAN,189951
2020,ARIZONA,REPUBLICAN,1661686
2020,ARKANSAS,REPUBLICAN,760647
2020,CALIFORNIA,REPUBLICAN,6006429
2020,COLORADO,REPUBLICAN,1364607
2020,CONNECTICUT,REPUBLICAN,714717
2020,DELAWARE,REPUBLICAN,200603
2020,DISTRICT OF COLUMBIA,REPUBLICAN,18586
2020,FLORIDA,REPUBLICAN,5668731
2020,GEORGIA,REPUBLICAN,2461854
2020,HAWAII,REPUBLICAN,196864
2020,IDAHO,REPUBLICAN,554119
2020,ILLINOIS,REPUBLICAN,2446891
2020,INDIANA,REPUBLICAN,1729519
2020,IOWA,REPUBLICAN,897672
2020,KANSAS,REPUBLICAN,771406
2020,KENTUCKY,REPUBLICAN,1326646
2020,LOUISIANA,REPUBLICAN,1255776
2020,MAINE,REPUBLICAN,360737
2020,MARYLAND,REPUBLICAN,976414
2020,MASSACHUSETTS,REPUBLICAN,1167202
2020,MICHIGAN,REPUBLICAN,2649852
2020,MINNESOTA,REPUBLICAN,1484065
2020,MISSISSIPPI,REPUBLICAN,756764
2020,MISSOURI,REPUBLICAN,1718736
2020,MONTANA,REPUBLICAN,343602
2020,NEBRASKA,REPUBLICAN,556846
2020,NEVADA,REPUBLICAN,669890
2020,NEW HAMPSHIRE,REPUBLICAN,365654
2020,NEW JERSEY,REPUBLICAN,1883274
2020,NEW MEXICO,REPUBLICAN,401894
2020,NEW YORK,REPUBLICAN,3244798
2020,NORTH CAROLINA,REPUBLICAN,2758773
2020,NORTH DAKOTA,REPUBLICAN,235595
2020,OHIO,REPUBLICAN,3154834
2020,OKLAHOMA,REPUBLICAN,1020280
2020,OREGON,REPUBLICAN,958448
2020,PENNSYLVANIA,REPUBLICAN,3377674
2020,RHODE ISLAND,REPUBLICAN,199922
2020,SOUTH CAROLINA,REPUBLICAN,1385103
2020,SOUTH DAKOTA,REPUBLICAN,261043
2020,TENNESSEE,REPUBLICAN,1852475
2020,TEXAS,REPUBLICAN,5890347
2020,UTAH,REPUBLICAN,865140
2020,VERMONT,REPUBLICAN,112704
2020,VIRGINIA,REPUBLICAN,1962430
2020,WASHINGTON,REPUBLICAN,1584651
2020,WEST VIRGINIA,REPUBLICAN,545382
2020,WISCONSIN,REPUBLICAN,1610184
2020,WYOMING,REPUBLICAN,193559
1976,ALABAMA,DEMOCRAT,659170
1976,ALASKA,DEMOCRAT,44058
1976,ARIZONA,DEMOCRAT,295602
1976,ARKANSAS,DEMOCRAT,498604
1976,CALIFORNIA,DEMOCRAT,3742284
1976,COLORADO,DEMOCRAT,460801
1976,CONNECTICUT,DEMOCRAT,647895
1976,DELAWARE,DEMOCRAT,122461
1976,DISTRICT OF COLUMBIA,DEMOCRAT,137818
1976,FLORIDA,DEMOCRAT,1636000
1976,GEORGIA,DEMOCRAT,979409
1976,HAWAII,DEMOCRAT,147375
1976,IDAHO,DEMOCRAT,126549
1976,ILLINOIS,DEMOCRAT,2271295
1976,INDIANA,DEMOCRAT,1014714
1976,IOWA,DEMOCRAT,619931
1976,KANSAS,DEMOCRAT,430421
1976,KENTUCKY,DEMOCRAT,615717
1976,LOUISIANA,DEMOCRAT,661365
1976,MAINE,DEMOCRAT,232279
1976,MARYLAND,DEMOCRAT,759612
1976,MASSACHUSETTS,DEMOCRAT,1429475
1976,MICHIGAN,DEMOCRAT,1696714
1976,MINNESOTA,DEMOCRAT,1070440
1976,MISSISSIPPI,DEMOCRAT,381329
1976,MISSOURI,DEMOCRAT,998387
1976,MONTANA,DEMOCRAT,149259
1976,NEBRASKA,DEMOCRAT,233293
1976,NEVADA,DEMOCRAT,92479
1976,NEW HAMPSHIRE,DEMOCRAT,147645
1976,NEW JERSEY,DEMOCRAT,1444653
1976,NEW MEXICO,DEMOCRAT,201148
1976,NEW YORK,DEMOCRAT,3244165
1976,NORTH CAROLINA,DEMOCRAT,927365
1976,NORTH DAKOTA,DEMOCRAT,136078
1976,OHIO,DEMOCRAT,2009959
1976,OKLAHOMA,DEMOCRAT,532442
1976,OREGON,DEMOCRAT,490407
1976,PENNSYLVANIA,DEMOCRAT,2328677
1976,RHODE ISLAND,DEMOCRAT,227636
1976,SOUTH CAROLINA,DEMOCRAT,450807
1976,SOUTH DAKOTA,DEMOCRAT,147068
1976,TENNESSEE,DEMOCRAT,825879
1976,TEXAS,DEMOCRAT,2082319
1976,UTAH,DEMOCRAT,182110
1976,VERMONT,DEMOCRAT,77798
1976,VIRGINIA,DEMOCRAT,813896
1976,WASHINGTON,DEMOCRAT,717323
1976,WEST VIRGINIA,DEMOCRAT,435864
1976,WISCONSIN,DEMOCRAT,1040232
1976,WYOMING,DEMOCRAT,62239
1980,ALABAMA,DEMOCRAT,636730
1980,ALASKA,DEMOCRAT,41842
1980,ARIZONA,DEMOCRAT,246843
1980,ARKANSAS,DEMOCRAT,398041
1980,CALIFORNIA,DEMOCRAT,3082943
1980,COLORADO,DEMOCRAT,368009
1980,CONNECTICUT,DEMOCRAT,541732
1980,DELAWARE,DEMOCRAT,105754
1980,DISTRICT OF COLUMBIA,DEMOCRAT,130231
1980,FLORIDA,DEMOCRAT,1419475
1980,GEORGIA,DEMOCRAT,890955
1980,HAWAII,DEMOCRAT,135879
1980,IDAHO,DEMOCRAT,110192
1980,ILLINOIS,DEMOCRAT,1981413
1980,INDIANA,DEMOCRAT,844197
1980,IOWA,DEMOCRAT,508672
1980,KANSAS,DEMOCRAT,326150
1980,KENTUCKY,DEMOCRAT,617417
1980,LOUISIANA,DEMOCRAT,708453
1980,MAINE,DEMOCRAT,220974
1980,MARYLAND,DEMOCRAT,726161
1980,MASSACHUSETTS,DEMOCRAT,1053802
1980,MICHIGAN,DEMOCRAT,1661532
1980,MINNESOTA,DEMOCRAT,954173
1980,MISSISSIPPI,DEMOCRAT,429281
1980,MISSOURI,DEMOCRAT,931182
1980,MONTANA,DEMOCRAT,118032
1980,NEBRASKA,DEMOCRAT,166424
1980,NEVADA,DEMOCRAT,66666
1980,NEW HAMPSHIRE,DEMOCRAT,108864
1980,NEW JERSEY,DEMOCRAT,1147364
1980,NEW MEXICO,DEMOCRAT,167826
1980,NEW YORK,DEMOCRAT,2728372
1980,NORTH CAROLINA,DEMOCRAT,875635
1980,NORTH DAKOTA,DEMOCRAT,79189
1980,OHIO,DEMOCRAT,1752414
1980,OKLAHOMA,DEMOCRAT,402026
1980,OREGON,DEMOCRAT,456890
1980,PENNSYLVANIA,DEMOCRAT,1937540
1980,RHODE ISLAND,DEMOCRAT,198342
1980,SOUTH CAROLINA,DEMOCRAT,428220
1980,SOUTH DAKOTA,DEMOCRAT,103855
1980,TENNESSEE,DEMOCRAT,783051
1980,TEXAS,DEMOCRAT,1881147
1980,UTAH,DEMOCRAT,124266
1980,VERMONT,DEMOCRAT,81952
1980,VIRGINIA,DEMOCRAT,752174
1980,WASHINGTON,DEMOCRAT,650193
1980,WEST VIRGINIA,DEMOCRAT,367462
1980,WISCONSIN,DEMOCRAT,981584
1980,WYOMING,DEMOCRAT,49427
1984,ALABAMA,DEMOCRAT,551899
1984,ALASKA,DEMOCRAT,62007
1984,ARIZONA,DEMOCRAT,333854
1984,ARKANSAS,DEMOCRAT,338646
1984,CALIFORNIA,DEMOCRAT,3922519
1984,COLORADO,DEMOCRAT,454975
1984,CONNECTICUT,DEMOCRAT,569597
1984,DELAWARE,DEMOCRAT,101656
1984,DISTRICT OF COLUMBIA,DEMOCRAT,180408
1984,FLORIDA,DEMOCRAT,1448816
1984,GEORGIA,DEMOCRAT,706628
1984,HAWAII,DEMOCRAT,147154
1984,IDAHO,DEMOCRAT,108510
1984,ILLINOIS,DEMOCRAT,2086499
1984,INDIANA,DEMOCRAT,841481
1984,IOWA,DEMOCRAT,605620
1984,KANSAS,DEMOCRAT,333149
1984,KENTUCKY,DEMOCRAT,539539
1984,LOUISIANA,DEMOCRAT,651586
1984,MAINE,DEMOCRAT,214515
1984,MARYLAND,DEMOCRAT,787935
1984,MASSACHUSETTS,DEMOCRAT,1239606
1984,MICHIGAN,DEMOCRAT,1529638
1984,MINNESOTA,DEMOCRAT,1036364
1984,MISSISSIPPI,DEMOCRAT,352192
1984,MISSOURI,DEMOCRAT,848583
1984,MONTANA,DEMOCRAT,146742
1984,NEBRASKA,DEMOCRAT,187866
1984,NEVADA,DEMOCRAT,91655
1984,NEW HAMPSHIRE,DEMOCRAT,120347
1984,NEW JERSEY,DEMOCRAT,1261323
1984,NEW MEXICO,DEMOCRAT,201769
1984,NEW YORK,DEMOCRAT,3001285
1984,NORTH CAROLINA,DEMOCRAT,824287
1984,NORTH DAKOTA,DEMOCRAT,104429
1984,OHIO,DEMOCRAT,1825440
1984,OKLAHOMA,DEMOCRAT,385080
1984,OREGON,DEMOCRAT,536479
1984,PENNSYLVANIA,DEMOCRAT,2228131
1984,RHODE ISLAND,DEMOCRAT,197106
1984,SOUTH CAROLINA,DEMOCRAT,344459
1984,SOUTH DAKOTA,DEMOCRAT,116113
1984,TENNESSEE,DEMOCRAT,711714
1984,TEXAS,DEMOCRAT,1949276
1984,UTAH,DEMOCRAT,155369
1984,VERMONT,DEMOCRAT,95730
1984,VIRGINIA,DEMOCRAT,796250
1984,WASHINGTON,DEMOCRAT,798352
1984,WEST VIRGINIA,DEMOCRAT,328125
1984,WISCONSIN,DEMOCRAT,995740
1984,WYOMING,DEMOCRAT,53370
1988,ALABAMA,DEMOCRAT,549506
1988,ALASKA,DEMOCRAT,72584
1988,ARIZONA,DEMOCRAT,454029
1988,ARKANSAS,DEMOCRAT,349237
1988,CALIFORNIA,DEMOCRAT,4702233
1988,COLORADO,DEMOCRAT,621453
1988,CONNECTICUT,DEMOCRAT,676584
1988,DELAWARE,DEMOCRAT,108647
1988,DISTRICT OF COLUMBIA,DEMOCRAT,159407
1988,FLORIDA,DEMOCRAT,1656701
1988,GEORGIA,DEMOCRAT,714792
1988,HAWAII,DEMOCRAT,192364
1988,IDAHO,DEMOCRAT,147272
1988,ILLINOIS,DEMOCRAT,2215940
1988,INDIANA,DEMOCRAT,860643
1988,IOWA,DEMOCRAT,670557
1988,KANSAS,DEMOCRAT,422636
1988,KENTUCKY,DEMOCRAT,580368
1988,LOUISIANA,DEMOCRAT,717460
1988,MAINE,DEMOCRAT,243569
1988,MARYLAND,DEMOCRAT,826304
1988,MASSACHUSETTS,DEMOCRAT,1401415
1988,MICHIGAN,DEMOCRAT,1675783
1988,MINNESOTA,DEMOCRAT,1109471
1988,MISSISSIPPI,DEMOCRAT,363921
1988,MISSOURI,DEMOCRAT,1001619
1988,MONTANA,DEMOCRAT,168936
1988,NEBRASKA,DEMOCRAT,259235
1988,NEVADA,DEMOCRAT,132738
1988,NEW HAMPSHIRE,DEMOCRAT,163696
1988,NEW JERSEY,DEMOCRAT,1320352
1988,NEW MEXICO,DEMOCRAT,244497
1988,NEW YORK,DEMOCRAT,3255487
1988,NORTH CAROLINA,DEMOCRAT,890167
1988,NORTH DAKOTA,DEMOCRAT,127739
1988,OHIO,DEMOCRAT,1939629
1988,OKLAHOMA,DEMOCRAT,483423
1988,OREGON,DEMOCRAT,616206
1988,PENNSYLVANIA,DEMOCRAT,2194944
1988,RHODE ISLAND,DEMOCRAT,225123
1988,SOUTH CAROLINA,DEMOCRAT,370554
1988,SOUTH DAKOTA,DEMOCRAT,145560
1988,TENNESSEE,DEMOCRAT,679794
1988,TEXAS,DEMOCRAT,2352748
1988,UTAH,DEMOCRAT,207343
1988,VERMONT,DEMOCRAT,115775
1988,VIRGINIA,DEMOCRAT,859799
1988,WASHINGTON,DEMOCRAT,933516
1988,WEST VIRGINIA,DEMOCRAT,341016
1988,WISCONSIN,DEMOCRAT,1126794
1988,WYOMING,DEMOCRAT,67113
1992,ALABAMA,DEMOCRAT,690080
1992,ALASKA,DEMOCRAT,78294
1992,ARIZONA,DEMOCRAT,543050
1992,ARKANSAS,DEMOCRAT,505823
1992,CALIFORNIA,DEMOCRAT,5121325
1992,COLORADO,DEMOCRAT,629681
1992,CONNECTICUT,DEMOCRAT,682318
1992,DELAWARE,DEMOCRAT,126054
1992,DISTRICT OF COLUMBIA,DEMOCRAT,192619
1992,FLORIDA,DEMOCRAT,2071698
1992,GEORGIA,DEMOCRAT,1008966
1992,HAWAII,DEMOCRAT,179310
1992,IDAHO,DEMOCRAT,137013
1992,ILLINOIS,DEMOCRAT,2453350
1992,INDIANA,DEMOCRAT,848420
1992,IOWA,DEMOCRAT,586353
1992,KANSAS,DEMOCRAT,390434
1992,KENTUCKY,DEMOCRAT,665104
1992,LOUISIANA,DEMOCRAT,815971
1992,MAINE,DEMOCRAT,263420
1992,MARYLAND,DEMOCRAT,988571
1992,MASSACHUSETTS,DEMOCRAT,1318639
1992,MICHIGAN,DEMOCRAT,1871182
1992,MINNESOTA,DEMOCRAT,1020997
1992,MISSISSIPPI,DEMOCRAT,400258
1992,MISSOURI,DEMOCRAT,1053873
1992,MONTANA,DEMOCRAT,154507
1992,NEBRASKA,DEMOCRAT,216864
1992,NEVADA,DEMOCRAT,189148
1992,NEW HAMPSHIRE,DEMOCRAT,209040
1992,NEW JERSEY,DEMOCRAT,1436206
1992,NEW MEXICO,DEMOCRAT,261617
1992,NEW YORK,DEMOCRAT,3346894
1992,NORTH CAROLINA,DEMOCRAT,1114042
1992,NORTH DAKOTA,DEMOCRAT,99168
1992,OHIO,DEMOCRAT,1984942
1992,OKLAHOMA,DEMOCRAT,473066
1992,OREGON,DEMOCRAT,621314
1992,PENNSYLVANIA,DEMOCRAT,2239164
1992,RHODE ISLAND,DEMOCRAT,213299
1992,SOUTH CAROLINA,DEMOCRAT,525514
1992,SOUTH DAKOTA,DEMOCRAT,124888
1992,TENNESSEE,DEMOCRAT,933521
1992,TEXAS,DEMOCRAT,2281815
1992,UTAH,DEMOCRAT,183429
1992,VERMONT,DEMOCRAT,133592
1992,VIRGINIA,DEMOCRAT,1038650
1992,WASHINGTON,DEMOCRAT,993037
1992,WEST VIRGINIA,DEMOCRAT,331001
1992,WISCONSIN,DEMOCRAT,1041066
1992,WYOMING,DEMOCRAT,68160
1996,ALABAMA,DEMOCRAT,662165
1996,ALASKA,DEMOCRAT,80380
1996,ARIZONA,DEMOCRAT,653288
1996,ARKANSAS,DEMOCRAT,475171
1996,CALIFORNIA,DEMOCRAT,5119835
1996,COLORADO,DEMOCRAT,671152
1996,CONNECTICUT,DEMOCRAT,735740
1996,DELAWARE,DEMOCRAT,140355
1996,DISTRICT OF COLUMBIA,DEMOCRAT,158220
1996,FLORIDA,DEMOCRAT,2546870
1996,GEORGIA,DEMOCRAT,1053849
1996,HAWAII,DEMOCRAT,205012
1996,IDAHO,DEMOCRAT,165443
1996,ILLINOIS,DEMOCRAT,2341744
1996,INDIANA,DEMOCRAT,887424
1996,IOWA,DEMOCRAT,620258
1996,KANSAS,DEMOCRAT,387659
1996,KENTUCKY,DEMOCRAT,636614
1996,LOUISIANA,DEMOCRAT,927837
1996,MAINE,DEMOCRAT,312788
1996,MARYLAND,DEMOCRAT,966207
1996,MASSACHUSETTS,DEMOCRAT,1571509
1996,MICHIGAN,DEMOCRAT,1989653
1996,MINNESOTA,DEMOCRAT,1120380
1996,MISSISSIPPI,DEMOCRAT,394022
1996,MISSOURI,DEMOCRAT,1025935
1996,MONTANA,DEMOCRAT,167922
1996,NEBRASKA,DEMOCRAT,236761
1996,NEVADA,DEMOCRAT,203974
1996,NEW HAMPSHIRE,DEMOCRAT,246166
1996,NEW JERSEY,DEMOCRAT,1652361
1996,NEW MEXICO,DEMOCRAT,273495
1996,NEW YORK,DEMOCRAT,3649630
1996,NORTH CAROLINA,DEMOCRAT,1107849
1996,NORTH DAKOTA,DEMOCRAT,106905
1996,OHIO,DEMOCRAT,2148222
1996,OKLAHOMA,DEMOCRAT,488105
1996,OREGON,DEMOCRAT,649641
1996,PENNSYLVANIA,DEMOCRAT,2215819
1996,RHODE ISLAND,DEMOCRAT,233050
1996,SOUTH CAROLINA,DEMOCRAT,506152
1996,SOUTH DAKOTA,DEMOCRAT,139333
1996,TENNESSEE,DEMOCRAT,909146
1996,TEXAS,DEMOCRAT,2459683
1996,UTAH,DEMOCRAT,221633
1996,VERMONT,DEMOCRAT,137894
1996,VIRGINIA,DEMOCRAT,1091060
1996,WASHINGTON,DEMOCRAT,1123323
1996,WEST VIRGINIA,DEMOCRAT,327812
1996,WISCONSIN,DEMOCRAT,1071971
1996,WYOMING,DEMOCRAT,77934
2000,ALABAMA,DEMOCRAT,692611
2000,ALASKA,DEMOCRAT,79004
2000,ARIZONA,DEMOCRAT,685341
2000,ARKANSAS,DEMOCRAT,422768
2000,CALIFORNIA,DEMOCRAT,5861203
2000,COLORADO,DEMOCRAT,738227
2000,CONNECTICUT,DEMOCRAT,816015
2000,DELAWARE,DEMOCRAT,180068
2000,DISTRICT OF COLUMBIA,DEMOCRAT,171923
2000,FLORIDA,DEMOCRAT,2912253
2000,GEORGIA,DEMOCRAT,1116230
2000,HAWAII,DEMOCRAT,205286
2000,IDAHO,DEMOCRAT,138637
2000,ILLINOIS,DEMOCRAT,2589026
2000,INDIANA,DEMOCRAT,901980
2000,IOWA,DEMOCRAT,638517
2000,KANSAS,DEMOCRAT,399276
2000,KENTUCKY,DEMOCRAT,638923
2000,LOUISIANA,DEMOCRAT,792344
2000,MAINE,DEMOCRAT,319951
2000,MARYLAND,DEMOCRAT,1144008
2000,MASSACHUSETTS,DEMOCRAT,1616487
2000,MICHIGAN,DEMOCRAT,2170418
2000,MINNESOTA,DEMOCRAT,1168266
2000,MISSISSIPPI,DEMOCRAT,404614
2000,MISSOURI,DEMOCRAT,1111138
2000,MONTANA,DEMOCRAT,137126
2000,NEBRASKA,DEMOCRAT,231780
2000,NEVADA,DEMOCRAT,279978
2000,NEW HAMPSHIRE,DEMOCRAT,266348
2000,NEW JERSEY,DEMOCRAT,1788850
2000,NEW MEXICO,DEMOCRAT,286783
2000,NEW YORK,DEMOCRAT,3942215
2000,NORTH CAROLINA,DEMOCRAT,1257692
2000,NORTH DAKOTA,DEMOCRAT,95284
2000,OHIO,DEMOCRAT,2183628
2000,OKLAHOMA,DEMOCRAT,474276
2000,OREGON,DEMOCRAT,720342
2000,PENNSYLVANIA,DEMOCRAT,2485967
2000,RHODE ISLAND,DEMOCRAT,249508
2000,SOUTH CAROLINA,DEMOCRAT,566037
2000,SOUTH DAKOTA,DEMOCRAT,118804
2000,TENNESSEE,DEMOCRAT,981720
2000,TEXAS,DEMOCRAT,2433746
2000,UTAH,DEMOCRAT,203053
2000,VERMONT,DEMOCRAT,149022
2000,VIRGINIA,DEMOCRAT,1217290
2000,WASHINGTON,DEMOCRAT,1247652
2000,WEST VIRGINIA,DEMOCRAT,295497
2000,WISCONSIN,DEMOCRAT,1242987
2000,WYOMING,DEMOCRAT,60481
2004,ALABAMA,DEMOCRAT,693933
2004,ALASKA,DEMOCRAT,111025
2004,ARIZONA,DEMOCRAT,893524
2004,ARKANSAS,DEMOCRAT,469953
2004,CALIFORNIA,DEMOCRAT,6745485
2004,COLORADO,DEMOCRAT,1001732
2004,CONNECTICUT,DEMOCRAT,857488
2004,DELAWARE,DEMOCRAT,200152
2004,DISTRICT OF COLUMBIA,DEMOCRAT,202970
2004,FLORIDA,DEMOCRAT,3583544
2004,GEORGIA,DEMOCRAT,1366149
2004,HAWAII,DEMOCRAT,231708
2004,IDAHO,DEMOCRAT,181098
2004,ILLINOIS,DEMOCRAT,2891550
2004,INDIANA,DEMOCRAT,969011
2004,IOWA,DEMOCRAT,741898
2004,KANSAS,DEMOCRAT,434993
2004,KENTUCKY,DEMOCRAT,712733
2004,LOUISIANA,DEMOCRAT,820299
2004,MAINE,DEMOCRAT,396842
2004,MARYLAND,DEMOCRAT,1334493
2004,MASSACHUSETTS,DEMOCRAT,1803800
2004,MICHIGAN,DEMOCRAT,2479183
2004,MINNESOTA,DEMOCRAT,1445014
2004,MISSISSIPPI,DEMOCRAT,457766
2004,MISSOURI,DEMOCRAT,1259171
2004,MONTANA,DEMOCRAT,173710
2004,NEBRASKA,DEMOCRAT,254328
2004,NEVADA,DEMOCRAT,397190
2004,NEW HAMPSHIRE,DEMOCRAT,340511
2004,NEW JERSEY,DEMOCRAT,1911430
2004,NEW MEXICO,DEMOCRAT,370942
2004,NEW YORK,DEMOCRAT,4180755
2004,NORTH CAROLINA,DEMOCRAT,1525849
2004,NORTH DAKOTA,DEMOCRAT,111052
2004,OHIO,DEMOCRAT,2741165
2004,OKLAHOMA,DEMOCRAT,503966
2004,OREGON,DEMOCRAT,943163
2004,PENNSYLVANIA,DEMOCRAT,2938095
2004,RHODE ISLAND,DEMOCRAT,259760
2004,SOUTH CAROLINA,DEMOCRAT,661669
2004,SOUTH DAKOTA,DEMOCRAT,149244
2004,TENNESSEE,DEMOCRAT,1036477
2004,TEXAS,DEMOCRAT,2832704
2004,UTAH,DEMOCRAT,241199
2004,VERMONT,DEMOCRAT,184067
2004,VIRGINIA,DEMOCRAT,1454742
2004,WASHINGTON,DEMOCRAT,1510201
2004,WEST VIRGINIA,DEMOCRAT,326541
2004,WISCONSIN,DEMOCRAT,1489504
2004,WYOMING,DEMOCRAT,70776
2008,ALABAMA,DEMOCRAT,813479
2008,ALASKA,DEMOCRAT,123594
2008,ARIZONA,DEMOCRAT,1034707
2008,ARKANSAS,DEMOCRAT,422310
2008,CALIFORNIA,DEMOCRAT,8274473
2008,COLORADO,DEMOCRAT,1288576
2008,CONNECTICUT,DEMOCRAT,997772
2008,DELAWARE,DEMOCRAT,255459
2008,DISTRICT OF COLUMBIA,DEMOCRAT,245800
2008,FLORIDA,DEMOCRAT,4282074
2008,GEORGIA,DEMOCRAT,1844123
2008,HAWAII,DEMOCRAT,325871
2008,IDAHO,DEMOCRAT,236440
2008,ILLINOIS,DEMOCRAT,3419348
2008,INDIANA,DEMOCRAT,1374039
2008,IOWA,DEMOCRAT,828940
2008,KANSAS,DEMOCRAT,514765
2008,KENTUCKY,DEMOCRAT,751985
2008,LOUISIANA,DEMOCRAT,782989
2008,MAINE,DEMOCRAT,421923
2008,MARYLAND,DEMOCRAT,1629467
2008,MASSACHUSETTS,DEMOCRAT,1904097
2008,MICHIGAN,DEMOCRAT,2872579
2008,MINNESOTA,DEMOCRAT,1573354
2008,MISSISSIPPI,DEMOCRAT,554662
2008,MISSOURI,DEMOCRAT,1441911
2008,MONTANA,DEMOCRAT,231667
2008,NEBRASKA,DEMOCRAT,333319
2008,NEVADA,DEMOCRAT,533736
2008,NEW HAMPSHIRE,DEMOCRAT,384826
2008,NEW JERSEY,DEMOCRAT,2215422
2008,NEW MEXICO,DEMOCRAT,472422
2008,NEW YORK,DEMOCRAT,4645332
2008,NORTH CAROLINA,DEMOCRAT,2142651
2008,NORTH DAKOTA,DEMOCRAT,141278
2008,OHIO,DEMOCRAT,2940044
2008,OKLAHOMA,DEMOCRAT,502496
2008,OREGON,DEMOCRAT,1037291
2008,PENNSYLVANIA,DEMOCRAT,3276363
2008,RHODE ISLAND,DEMOCRAT,296571
2008,SOUTH CAROLINA,DEMOCRAT,862449
2008,SOUTH DAKOTA,DEMOCRAT,170924
2008,TENNESSEE,DEMOCRAT,1087437
2008,TEXAS,DEMOCRAT,3528633
2008,UTAH,DEMOCRAT,327670
2008,VERMONT,DEMOCRAT,219262
2008,VIRGINIA,DEMOCRAT,1959532
2008,WASHINGTON,DEMOCRAT,1750848
2008,WEST VIRGINIA,DEMOCRAT,303857
2008,WISCONSIN,DEMOCRAT,1677211
2008,WYOMING,DEMOCRAT,82868
2012,ALABAMA,DEMOCRAT,795696
2012,ALASKA,DEMOCRAT,122640
2012,ARIZONA,DEMOCRAT,1025232
2012,ARKANSAS,DEMOCRAT,394409
2012,CALIFORNIA,DEMOCRAT,7854285
2012,COLORADO,DEMOCRAT,1323101
2012,CONNECTICUT,DEMOCRAT,905083
2012,DELAWARE,DEMOCRAT,242584
2012,DISTRICT OF COLUMBIA,DEMOCRAT,267070
2012,FLORIDA,DEMOCRAT,4237756
2012,GEORGIA,DEMOCRAT,1773827
2012,HAWAII,DEMOCRAT,306658
2012,IDAHO,DEMOCRAT,212787
2012,ILLINOIS,DEMOCRAT,3019512
2012,INDIANA,DEMOCRAT,1152887
2012,IOWA,DEMOCRAT,822544
2012,KANSAS,DEMOCRAT,440726
2012,KENTUCKY,DEMOCRAT,679370
2012,LOUISIANA,DEMOCRAT,809141
2012,MAINE,DEMOCRAT,401306
2012,MARYLAND,DEMOCRAT,1677844
2012,MASSACHUSETTS,DEMOCRAT,1921290
2012,MICHIGAN,DEMOCRAT,2564569
2012,MINNESOTA,DEMOCRAT,1546167
2012,MISSISSIPPI,DEMOCRAT,562949
2012,MISSOURI,DEMOCRAT,1223796
2012,MONTANA,DEMOCRAT,201839
2012,NEBRASKA,DEMOCRAT,302081
2012,NEVADA,DEMOCRAT,531373
2012,NEW HAMPSHIRE,DEMOCRAT,369561
2012,NEW JERSEY,DEMOCRAT,2122786
2012,NEW MEXICO,DEMOCRAT,415335
2012,NEW YORK,DEMOCRAT,4324228
2012,NORTH CAROLINA,DEMOCRAT,2178391
2012,NORTH DAKOTA,DEMOCRAT,124966
2012,OHIO,DEMOCRAT,2827621
2012,OKLAHOMA,DEMOCRAT,443547
2012,OREGON,DEMOCRAT,970488
2012,PENNSYLVANIA,DEMOCRAT,2990274
2012,RHODE ISLAND,DEMOCRAT,279677
2012,SOUTH CAROLINA,DEMOCRAT,865941
2012,SOUTH DAKOTA,DEMOCRAT,145039
2012,TENNESSEE,DEMOCRAT,960709
2012,TEXAS,DEMOCRAT,3308124
2012,UTAH,DEMOCRAT,251813
2012,VERMONT,DEMOCRAT,199239
2012,VIRGINIA,DEMOCRAT,1971820
2012,WASHINGTON,DEMOCRAT,1755396
2012,WEST VIRGINIA,DEMOCRAT,238269
2012,WISCONSIN,DEMOCRAT,1620985
2012,WYOMING,DEMOCRAT,69286
2016,ALABAMA,DEMOCRAT,729547
2016,ALASKA,DEMOCRAT,116454
2016,ARIZONA,DEMOCRAT,1161167
2016,ARKANSAS,DEMOCRAT,380494
2016,CALIFORNIA,DEMOCRAT,8753788
2016,COLORADO,DEMOCRAT,1338870
2016,CONNECTICUT,DEMOCRAT,897572
2016,DELAWARE,DEMOCRAT,235603
2016,DISTRICT OF COLUMBIA,DEMOCRAT,282830
2016,FLORIDA,DEMOCRAT,4504975
2016,GEORGIA,DEMOCRAT,1877963
2016,HAWAII,DEMOCRAT,266891
2016,IDAHO,DEMOCRAT,189765
2016,ILLINOIS,DEMOCRAT,3090729
2016,INDIANA,DEMOCRAT,1033126
2016,IOWA,DEMOCRAT,653669
2016,KANSAS,DEMOCRAT,427005
2016,KENTUCKY,DEMOCRAT,628854
2016,LOUISIANA,DEMOCRAT,780154
2016,MAINE,DEMOCRAT,357735
2016,MARYLAND,DEMOCRAT,1678006
2016,MASSACHUSETTS,DEMOCRAT,1995196
2016,MICHIGAN,DEMOCRAT,2268839
2016,MINNESOTA,DEMOCRAT,1367705
2016,MISSISSIPPI,DEMOCRAT,485131
2016,MISSOURI,DEMOCRAT,1071068
2016,MONTANA,DEMOCRAT,177709
2016,NEBRASKA,DEMOCRAT,284494
2016,NEVADA,DEMOCRAT,539260
2016,NEW HAMPSHIRE,DEMOCRAT,348526
2016,NEW JERSEY,DEMOCRAT,2148278
2016,NEW MEXICO,DEMOCRAT,385234
2016,NEW YORK,DEMOCRAT,4379789
2016,NORTH CAROLINA,DEMOCRAT,2189316
2016,NORTH DAKOTA,DEMOCRAT,93758
2016,OHIO,DEMOCRAT,2394164
2016,OKLAHOMA,DEMOCRAT,420375
2016,OREGON,DEMOCRAT,1002106
2016,PENNSYLVANIA,DEMOCRAT,2926441
2016,RHODE ISLAND,DEMOCRAT,252525
2016,SOUTH CAROLINA,DEMOCRAT,855373
2016,SOUTH DAKOTA,DEMOCRAT,117458
2016,TENNESSEE,DEMOCRAT,870695
2016,TEXAS,DEMOCRAT,3877868
2016,UTAH,DEMOCRAT,310674
2016,VERMONT,DEMOCRAT,178573
2016,VIRGINIA,DEMOCRAT,1981473
2016,WASHINGTON,DEMOCRAT,1742718
2016,WEST VIRGINIA,DEMOCRAT,188794
2016,WISCONSIN,DEMOCRAT,1382536
2016,WYOMING,DEMOCRAT,55973
2020,ALABAMA,DEMOCRAT,849624
2020,ALASKA,DEMOCRAT,153778
2020,ARIZONA,DEMOCRAT,1672143
2020,ARKANSAS,DEMOCRAT,423932
2020,CALIFORNIA,DEMOCRAT,11110250
2020,COLORADO,DEMOCRAT,1804352
2020,CONNECTICUT,DEMOCRAT,1080831
2020,DELAWARE,DEMOCRAT,296268
2020,DISTRICT OF COLUMBIA,DEMOCRAT,317323
2020,FLORIDA,DEMOCRAT,5297045
2020,GEORGIA,DEMOCRAT,2473633
2020,HAWAII,DEMOCRAT,366130
2020,IDAHO,DEMOCRAT,287021
2020,ILLINOIS,DEMOCRAT,3471915
2020,INDIANA,DEMOCRAT,1242416
2020,IOWA,DEMOCRAT,759061
2020,KANSAS,DEMOCRAT,570323
2020,KENTUCKY,DEMOCRAT,772474
2020,LOUISIANA,DEMOCRAT,856034
2020,MAINE,DEMOCRAT,435072
2020,MARYLAND,DEMOCRAT,1985023
2020,MASSACHUSETTS,DEMOCRAT,2382202
2020,MICHIGAN,DEMOCRAT,2804040
2020,MINNESOTA,DEMOCRAT,1717077
2020,MISSISSIPPI,DEMOCRAT,539398
2020,MISSOURI,DEMOCRAT,1253014
2020,MONTANA,DEMOCRAT,244786
2020,NEBRASKA,DEMOCRAT,374583
2020,NEVADA,DEMOCRAT,703486
2020,NEW HAMPSHIRE,DEMOCRAT,424921
2020,NEW JERSEY,DEMOCRAT,2608335
2020,NEW MEXICO,DEMOCRAT,501614
2020,NEW YORK,DEMOCRAT,5230985
2020,NORTH CAROLINA,DEMOCRAT,2684292
2020,NORTH DAKOTA,DEMOCRAT,114902
2020,OHIO,DEMOCRAT,2679165
2020,OKLAHOMA,DEMOCRAT,503890
2020,OREGON,DEMOCRAT,1340383
2020,PENNSYLVANIA,DEMOCRAT,3458229
2020,RHODE ISLAND,DEMOCRAT,307486
2020,SOUTH CAROLINA,DEMOCRAT,1091541
2020,SOUTH DAKOTA,DEMOCRAT,150471
2020,TENNESSEE,DEMOCRAT,1143711
2020,TEXAS,DEMOCRAT,5259126
2020,UTAH,DEMOCRAT,560282
2020,VERMONT,DEMOCRAT,242820
2020,VIRGINIA,DEMOCRAT,2413568
2020,WASHINGTON,DEMOCRAT,2369612
2020,WEST VIRGINIA,DEMOCRAT,235984
2020,WISCONSIN,DEMOCRAT,1630866
2020,WYOMING,DEMOCRAT,73491
1976,ALABAMA,OTHER,19610
1976,ALASKA,OTHER,7961
1976,ARIZONA,OTHER,28475
1976,ARKANSAS,OTHER,1028
1976,CALIFORNIA,OTHER,179242
1976,COLORADO,OTHER,36361
1976,CONNECTICUT,OTHER,19199
1976,DELAWARE,OTHER,3401
1976,DISTRICT OF COLUMBIA,OTHER,3139
1976,FLORIDA,OTHER,45100
1976,GEORGIA,OTHER,0
1976,HAWAII,OTHER,3923
1976,IDAHO,OTHER,10232
1976,ILLINOIS,OTHER,85718
1976,INDIANA,OTHER,21690
1976,IOWA,OTHER,26508
1976,KANSAS,OTHER,24672
1976,KENTUCKY,OTHER,19573
1976,LOUISIANA,OTHER,28572
1976,MAINE,OTHER,14369
1976,MARYLAND,OTHER,0
1976,MASSACHUSETTS,OTHER,87807
1976,MICHIGAN,OTHER,61134
1976,MINNESOTA,OTHER,60096
1976,MISSISSIPPI,OTHER,20215
1976,MISSOURI,OTHER,27770
1976,MONTANA,OTHER,5772
1976,NEBRASKA,OTHER,14237
1976,NEVADA,OTHER,8124
1976,NEW HAMPSHIRE,OTHER,6047
1976,NEW JERSEY,OTHER,60131
1976,NEW MEXICO,OTHER,4023
1976,NEW YORK,OTHER,598184
1976,NORTH CAROLINA,OTHER,8581
1976,NORTH DAKOTA,OTHER,7546
1976,OHIO,OTHER,99871
1976,OKLAHOMA,OTHER,14101
1976,OREGON,OTHER,47349
1976,PENNSYLVANIA,OTHER,86506
1976,RHODE ISLAND,OTHER,1699
1976,SOUTH CAROLINA,OTHER,5627
1976,SOUTH DAKOTA,OTHER,2105
1976,TENNESSEE,OTHER,16498
1976,TEXAS,OTHER,36265
1976,UTAH,OTHER,21200
1976,VERMONT,OTHER,5717
1976,VIRGINIA,OTHER,46644
1976,WASHINGTON,OTHER,60479
1976,WEST VIRGINIA,OTHER,0
1976,WISCONSIN,OTHER,56117
1976,WYOMING,OTHER,1387
1980,ALABAMA,OTHER,51007
1980,ALASKA,OTHER,30491
1980,ARIZONA,OTHER,97414
1980,ARKANSAS,OTHER,36377
1980,CALIFORNIA,OTHER,977001
1980,COLORADO,OTHER,164177
1980,CONNECTICUT,OTHER,187343
1980,DELAWARE,OTHER,18662
1980,DISTRICT OF COLUMBIA,OTHER,20345
1980,FLORIDA,OTHER,220501
1980,GEORGIA,OTHER,51682
1980,HAWAII,OTHER,37296
1980,IDAHO,OTHER,36540
1980,ILLINOIS,OTHER,410259
1980,INDIANA,OTHER,142180
1980,IOWA,OTHER,132963
1980,KANSAS,OTHER,86833
1980,KENTUCKY,OTHER,42936
1980,LOUISIANA,OTHER,47285
1980,MAINE,OTHER,63515
1980,MARYLAND,OTHER,133729
1980,MASSACHUSETTS,OTHER,412657
1980,MICHIGAN,OTHER,332968
1980,MINNESOTA,OTHER,224475
1980,MISSISSIPPI,OTHER,21380
1980,MISSOURI,OTHER,94461
1980,MONTANA,OTHER,39106
1980,NEBRASKA,OTHER,53895
1980,NEVADA,OTHER,22009
1980,NEW HAMPSHIRE,OTHER,53421
1980,NEW JERSEY,OTHER,281763
1980,NEW MEXICO,OTHER,37632
1980,NEW YORK,OTHER,835887
1980,NORTH CAROLINA,OTHER,65180
1980,NORTH DAKOTA,OTHER,28232
1980,OHIO,OTHER,324644
1980,OKLAHOMA,OTHER,52112
1980,OREGON,OTHER,153582
1980,PENNSYLVANIA,OTHER,362089
1980,RHODE ISLAND,OTHER,62832
1980,SOUTH CAROLINA,OTHER,20761
1980,SOUTH DAKOTA,OTHER,25505
1980,TENNESSEE,OTHER,46804
1980,TEXAS,OTHER,149784
1980,UTAH,OTHER,40199
1980,VERMONT,OTHER,36719
1980,VIRGINIA,OTHER,124249
1980,WASHINGTON,OTHER,226957
1980,WEST VIRGINIA,OTHER,36047
1980,WISCONSIN,OTHER,202792
1980,WYOMING,OTHER,16586
1984,ALABAMA,OTHER,16965
1984,ALASKA,OTHER,7221
1984,ARIZONA,OTHER,10627
1984,ARKANSAS,OTHER,10986
1984,CALIFORNIA,OTHER,115513
1984,COLORADO,OTHER,18588
1984,CONNECTICUT,OTHER,6426
1984,DELAWARE,OTHER,726
1984,DISTRICT OF COLUMBIA,OTHER,1871
1984,FLORIDA,OTHER,885
1984,GEORGIA,OTHER,753
1984,HAWAII,OTHER,3642
1984,IDAHO,OTHER,5111
1984,ILLINOIS,OTHER,25486
1984,INDIANA,OTHER,14358
1984,IOWA,OTHER,11097
1984,KANSAS,OTHER,11546
1984,KENTUCKY,OTHER,8104
1984,LOUISIANA,OTHER,17937
1984,MAINE,OTHER,2129
1984,MARYLAND,OTHER,8020
1984,MASSACHUSETTS,OTHER,8841
1984,MICHIGAN,OTHER,20449
1984,MINNESOTA,OTHER,15482
1984,MISSISSIPPI,OTHER,6535
1984,MISSOURI,OTHER,0
1984,MONTANA,OTHER,5185
1984,NEBRASKA,OTHER,4170
1984,NEVADA,OTHER,2292
1984,NEW HAMPSHIRE,OTHER,1507
1984,NEW JERSEY,OTHER,22909
1984,NEW MEXICO,OTHER,5500
1984,NEW YORK,OTHER,429006
1984,NORTH CAROLINA,OTHER,4593
1984,NORTH DAKOTA,OTHER,4206
1984,OHIO,OTHER,59236
1984,OKLAHOMA,OTHER,9066
1984,OREGON,OTHER,4348
1984,PENNSYLVANIA,OTHER,32449
1984,RHODE ISLAND,OTHER,1303
1984,SOUTH CAROLINA,OTHER,8531
1984,SOUTH DAKOTA,OTHER,1487
1984,TENNESSEE,OTHER,10067
1984,TEXAS,OTHER,14867
1984,UTAH,OTHER,5182
1984,VERMONT,OTHER,2966
1984,VIRGINIA,OTHER,13307
1984,WASHINGTON,OTHER,24888
1984,WEST VIRGINIA,OTHER,2134
1984,WISCONSIN,OTHER,17365
1984,WYOMING,OTHER,2357
1988,ALABAMA,OTHER,13394
1988,ALASKA,OTHER,8281
1988,ARIZONA,OTHER,15303
1988,ARKANSAS,OTHER,11923
1988,CALIFORNIA,OTHER,129915
1988,COLORADO,OTHER,22764
1988,CONNECTICUT,OTHER,16569
1988,DELAWARE,OTHER,1605
1988,DISTRICT OF COLUMBIA,OTHER,5880
1988,FLORIDA,OTHER,26727
1988,GEORGIA,OTHER,13549
1988,HAWAII,OTHER,3472
1988,IDAHO,OTHER,7815
1988,ILLINOIS,OTHER,32241
1988,INDIANA,OTHER,10215
1988,IOWA,OTHER,9702
1988,KANSAS,OTHER,16359
1988,KENTUCKY,OTHER,7868
1988,LOUISIANA,OTHER,27040
1988,MAINE,OTHER,4335
1988,MARYLAND,OTHER,11887
1988,MASSACHUSETTS,OTHER,36751
1988,MICHIGAN,OTHER,27894
1988,MINNESOTA,OTHER,24982
1988,MISSISSIPPI,OTHER,9716
1988,MISSOURI,OTHER,6656
1988,MONTANA,OTHER,6326
1988,NEBRASKA,OTHER,4274
1988,NEVADA,OTHER,4355
1988,NEW HAMPSHIRE,OTHER,5292
1988,NEW JERSEY,OTHER,36009
1988,NEW MEXICO,OTHER,6549
1988,NEW YORK,OTHER,391782
1988,NORTH CAROLINA,OTHER,6945
1988,NORTH DAKOTA,OTHER,2963
1988,OHIO,OTHER,37407
1988,OKLAHOMA,OTHER,9246
1988,OREGON,OTHER,25362
1988,PENNSYLVANIA,OTHER,41220
1988,RHODE ISLAND,OTHER,1738
1988,SOUTH CAROLINA,OTHER,9012
1988,SOUTH DAKOTA,OTHER,2016
1988,TENNESSEE,OTHER,9223
1988,TEXAS,OTHER,37833
1988,UTAH,OTHER,11223
1988,VERMONT,OTHER,3222
1988,VIRGINIA,OTHER,22648
1988,WASHINGTON,OTHER,27902
1988,WEST VIRGINIA,OTHER,2230
1988,WISCONSIN,OTHER,17315
1988,WYOMING,OTHER,2571
1992,ALABAMA,OTHER,193697
1992,ALASKA,OTHER,78212
1992,ARIZONA,OTHER,371839
1992,ARKANSAS,OTHER,107506
1992,CALIFORNIA,OTHER,2379822
1992,COLORADO,OTHER,376649
1992,CONNECTICUT,OTHER,355525
1992,DELAWARE,OTHER,61253
1992,DISTRICT OF COLUMBIA,OTHER,14255
1992,FLORIDA,OTHER,1068384
1992,GEORGIA,OTHER,316915
1992,HAWAII,OTHER,56710
1992,IDAHO,OTHER,142456
1992,ILLINOIS,OTHER,862711
1992,INDIANA,OTHER,468076
1992,IOWA,OTHER,263363
1992,KANSAS,OTHER,316851
1992,KENTUCKY,OTHER,210618
1992,LOUISIANA,OTHER,240660
1992,MAINE,OTHER,209575
1992,MARYLAND,OTHER,288915
1992,MASSACHUSETTS,OTHER,649986
1992,MICHIGAN,OTHER,848551
1992,MINNESOTA,OTHER,579110
1992,MISSISSIPPI,OTHER,93742
1992,MISSOURI,OTHER,526238
1992,MONTANA,OTHER,111869
1992,NEBRASKA,OTHER,177004
1992,NEVADA,OTHER,141342
1992,NEW HAMPSHIRE,OTHER,125691
1992,NEW JERSEY,OTHER,550523
1992,NEW MEXICO,OTHER,95545
1992,NEW YORK,OTHER,1690848
1992,NORTH CAROLINA,OTHER,363147
1992,NORTH DAKOTA,OTHER,72721
1992,OHIO,OTHER,1060715
1992,OKLAHOMA,OTHER,324364
1992,OREGON,OTHER,365572
1992,PENNSYLVANIA,OTHER,928805
1992,RHODE ISLAND,OTHER,108465
1992,SOUTH CAROLINA,OTHER,125891
1992,SOUTH DAKOTA,OTHER,74648
1992,TENNESSEE,OTHER,207817
1992,TEXAS,OTHER,1376132
1992,UTAH,OTHER,237937
1992,VERMONT,OTHER,67987
1992,VIRGINIA,OTHER,369962
1992,WASHINGTON,OTHER,563294
1992,WEST VIRGINIA,OTHER,110702
1992,WISCONSIN,OTHER,559143
1992,WYOMING,OTHER,52377
1996,ALABAMA,OTHER,103140
1996,ALASKA,OTHER,38494
1996,ARIZONA,OTHER,129044
1996,ARKANSAS,OTHER,83675
1996,CALIFORNIA,OTHER,1071253
1996,COLORADO,OTHER,147702
1996,CONNECTICUT,OTHER,173765
1996,DELAWARE,OTHER,31393
1996,DISTRICT OF COLUMBIA,OTHER,10167
1996,FLORIDA,OTHER,511748
1996,GEORGIA,OTHER,164207
1996,HAWAII,OTHER,41165
1996,IDAHO,OTHER,69673
1996,ILLINOIS,OTHER,382626
1996,INDIANA,OTHER,241314
1996,IOWA,OTHER,121173
1996,KANSAS,OTHER,103396
1996,KENTUCKY,OTHER,128811
1996,LOUISIANA,OTHER,143536
1996,MAINE,OTHER,106731
1996,MARYLAND,OTHER,133133
1996,MASSACHUSETTS,OTHER,266892
1996,MICHIGAN,OTHER,377979
1996,MINNESOTA,OTHER,305717
1996,MISSISSIPPI,OTHER,59997
1996,MISSOURI,OTHER,242114
1996,MONTANA,OTHER,59509
1996,NEBRASKA,OTHER,77187
1996,NEVADA,OTHER,61061
1996,NEW HAMPSHIRE,OTHER,53945
1996,NEW JERSEY,OTHER,320400
1996,NEW MEXICO,OTHER,49828
1996,NEW YORK,OTHER,1050792
1996,NORTH CAROLINA,OTHER,182020
1996,NORTH DAKOTA,OTHER,34456
1996,OHIO,OTHER,526329
1996,OKLAHOMA,OTHER,136293
1996,OREGON,OTHER,189967
1996,PENNSYLVANIA,OTHER,484319
1996,RHODE ISLAND,OTHER,52514
1996,SOUTH CAROLINA,OTHER,70691
1996,SOUTH DAKOTA,OTHER,33950
1996,TENNESSEE,OTHER,121429
1996,TEXAS,OTHER,415794
1996,UTAH,OTHER,82085
1996,VERMONT,OTHER,40203
1996,VIRGINIA,OTHER,187232
1996,WASHINGTON,OTHER,289802
1996,WEST VIRGINIA,OTHER,74701
1996,WISCONSIN,OTHER,279169
1996,WYOMING,OTHER,28249
2000,ALABAMA,OTHER,32488
2000,ALASKA,OTHER,39158
2000,ARIZONA,OTHER,65023
2000,ARKANSAS,OTHER,26073
2000,CALIFORNIA,OTHER,537190
2000,COLORADO,OTHER,119393
2000,CONNECTICUT,OTHER,82416
2000,DELAWARE,OTHER,10173
2000,DISTRICT OF COLUMBIA,OTHER,11898
2000,FLORIDA,OTHER,138067
2000,GEORGIA,OTHER,47258
2000,HAWAII,OTHER,24820
2000,IDAHO,OTHER,26041
2000,ILLINOIS,OTHER,133661
2000,INDIANA,OTHER,51486
2000,IOWA,OTHER,80132
2000,KANSAS,OTHER,50608
2000,KENTUCKY,OTHER,32663
2000,LOUISIANA,OTHER,45441
2000,MAINE,OTHER,45250
2000,MARYLAND,OTHER,67377
2000,MASSACHUSETTS,OTHER,238975
2000,MICHIGAN,OTHER,108944
2000,MINNESOTA,OTHER,160760
2000,MISSISSIPPI,OTHER,16726
2000,MISSOURI,OTHER,58830
2000,MONTANA,OTHER,33682
2000,NEBRASKA,OTHER,31377
2000,NEVADA,OTHER,27873
2000,NEW HAMPSHIRE,OTHER,29174
2000,NEW JERSEY,OTHER,114203
2000,NEW MEXICO,OTHER,25405
2000,NEW YORK,OTHER,759423
2000,NORTH CAROLINA,OTHER,26135
2000,NORTH DAKOTA,OTHER,18120
2000,OHIO,OTHER,168007
2000,OKLAHOMA,OTHER,15616
2000,OREGON,OTHER,100031
2000,PENNSYLVANIA,OTHER,145091
2000,RHODE ISLAND,OTHER,29049
2000,SOUTH CAROLINA,OTHER,30973
2000,SOUTH DAKOTA,OTHER,6765
2000,TENNESSEE,OTHER,32512
2000,TEXAS,OTHER,174252
2000,UTAH,OTHER,52605
2000,VERMONT,OTHER,25511
2000,VIRGINIA,OTHER,84667
2000,WASHINGTON,OTHER,130917
2000,WEST VIRGINIA,OTHER,16152
2000,WISCONSIN,OTHER,118341
2000,WYOMING,OTHER,5298
2004,ALABAMA,OTHER,13088
2004,ALASKA,OTHER,10684
2004,ARIZONA,OTHER,14767
2004,ARKANSAS,OTHER,12094
2004,CALIFORNIA,OTHER,166042
2004,COLORADO,OTHER,26643
2004,CONNECTICUT,OTHER,27455
2004,DELAWARE,OTHER,3378
2004,DISTRICT OF COLUMBIA,OTHER,3360
2004,FLORIDA,OTHER,61744
2004,GEORGIA,OTHER,21472
2004,HAWAII,OTHER,3114
2004,IDAHO,OTHER,8043
2004,ILLINOIS,OTHER,36826
2004,INDIANA,OTHER,19553
2004,IOWA,OTHER,13053
2004,KANSAS,OTHER,16307
2004,KENTUCKY,OTHER,13710
2004,LOUISIANA,OTHER,20638
2004,MAINE,OTHER,13709
2004,MARYLAND,OTHER,25042
2004,MASSACHUSETTS,OTHER,52546
2004,MICHIGAN,OTHER,46323
2004,MINNESOTA,OTHER,36678
2004,MISSISSIPPI,OTHER,9398
2004,MISSOURI,OTHER,16480
2004,MONTANA,OTHER,10661
2004,NEBRASKA,OTHER,11044
2004,NEVADA,OTHER,13707
2004,NEW HAMPSHIRE,OTHER,6539
2004,NEW JERSEY,OTHER,30258
2004,NEW MEXICO,OTHER,8432
2004,NEW YORK,OTHER,460518
2004,NORTH CAROLINA,OTHER,13992
2004,NORTH DAKOTA,OTHER,5130
2004,OHIO,OTHER,26974
2004,OKLAHOMA,OTHER,0
2004,OREGON,OTHER,26788
2004,PENNSYLVANIA,OTHER,37648
2004,RHODE ISLAND,OTHER,8328
2004,SOUTH CAROLINA,OTHER,18057
2004,SOUTH DAKOTA,OTHER,6387
2004,TENNESSEE,OTHER,16467
2004,TEXAS,OTHER,51128
2004,UTAH,OTHER,22903
2004,VERMONT,OTHER,7062
2004,VIRGINIA,OTHER,23714
2004,WASHINGTON,OTHER,43989
2004,WEST VIRGINIA,OTHER,5473
2004,WISCONSIN,OTHER,29383
2004,WYOMING,OTHER,5456
2008,ALABAMA,OTHER,19794
2008,ALASKA,OTHER,8762
2008,ARIZONA,OTHER,28657
2008,ARKANSAS,OTHER,26290
2008,CALIFORNIA,OTHER,275646
2008,COLORADO,OTHER,39196
2008,CONNECTICUT,OTHER,19592
2008,DELAWARE,OTHER,4579
2008,DISTRICT OF COLUMBIA,OTHER,2686
2008,FLORIDA,OTHER,63046
2008,GEORGIA,OTHER,31604
2008,HAWAII,OTHER,9627
2008,IDAHO,OTHER,15670
2008,ILLINOIS,OTHER,71844
2008,INDIANA,OTHER,31367
2008,IOWA,OTHER,25804
2008,KANSAS,OTHER,21452
2008,KENTUCKY,OTHER,26173
2008,LOUISIANA,OTHER,29497
2008,MAINE,OTHER,13967
2008,MARYLAND,OTHER,42267
2008,MASSACHUSETTS,OTHER,90044
2008,MICHIGAN,OTHER,80378
2008,MINNESOTA,OTHER,61606
2008,MISSISSIPPI,OTHER,10606
2008,MISSOURI,OTHER,37480
2008,MONTANA,OTHER,15679
2008,NEBRASKA,OTHER,14983
2008,NEVADA,OTHER,21285
2008,NEW HAMPSHIRE,OTHER,9610
2008,NEW JERSEY,OTHER,39608
2008,NEW MEXICO,OTHER,10904
2008,NEW YORK,OTHER,658364
2008,NORTH CAROLINA,OTHER,39726
2008,NORTH DAKOTA,OTHER,6742
2008,OHIO,OTHER,90486
2008,OKLAHOMA,OTHER,0
2008,OREGON,OTHER,52098
2008,PENNSYLVANIA,OTHER,81024
2008,RHODE ISLAND,OTHER,9804
2008,SOUTH CAROLINA,OTHER,23624
2008,SOUTH DAKOTA,OTHER,7997
2008,TENNESSEE,OTHER,33134
2008,TEXAS,OTHER,69834
2008,UTAH,OTHER,28670
2008,VERMONT,OTHER,6810
2008,VIRGINIA,OTHER,38723
2008,WASHINGTON,OTHER,56814
2008,WEST VIRGINIA,OTHER,12128
2008,WISCONSIN,OTHER,43813
2008,WYOMING,OTHER,7078
2012,ALABAMA,OTHER,22717
2012,ALASKA,OTHER,13179
2012,ARIZONA,OTHER,40368
2012,ARKANSAS,OTHER,27315
2012,CALIFORNIA,OTHER,344304
2012,COLORADO,OTHER,61172
2012,CONNECTICUT,OTHER,18229
2012,DELAWARE,OTHER,5822
2012,DISTRICT OF COLUMBIA,OTHER,5313
2012,FLORIDA,OTHER,72976
2012,GEORGIA,OTHER,45324
2012,HAWAII,OTHER,9486
2012,IDAHO,OTHER,18576
2012,ILLINOIS,OTHER,87286
2012,INDIANA,OTHER,51104
2012,IOWA,OTHER,29019
2012,KANSAS,OTHER,26611
2012,KENTUCKY,OTHER,30652
2012,LOUISIANA,OTHER,32662
2012,MAINE,OTHER,31176
2012,MARYLAND,OTHER,57614
2012,MASSACHUSETTS,OTHER,74592
2012,MICHIGAN,OTHER,51136
2012,MINNESOTA,OTHER,70169
2012,MISSISSIPPI,OTHER,11889
2012,MISSOURI,OTHER,51087
2012,MONTANA,OTHER,14281
2012,NEBRASKA,OTHER,17234
2012,NEVADA,OTHER,19978
2012,NEW HAMPSHIRE,OTHER,11493
2012,NEW JERSEY,OTHER,37625
2012,NEW MEXICO,OTHER,32635
2012,NEW YORK,OTHER,569159
2012,NORTH CAROLINA,OTHER,56586
2012,NORTH DAKOTA,OTHER,9646
2012,OHIO,OTHER,91794
2012,OKLAHOMA,OTHER,0
2012,OREGON,OTHER,64607
2012,PENNSYLVANIA,OTHER,71332
2012,RHODE ISLAND,OTHER,9168
2012,SOUTH CAROLINA,OTHER,26532
2012,SOUTH DAKOTA,OTHER,8166
2012,TENNESSEE,OTHER,35538
2012,TEXAS,OTHER,115884
2012,UTAH,OTHER,25027
2012,VERMONT,OTHER,7353
2012,VIRGINIA,OTHER,60147
2012,WASHINGTON,OTHER,79450
2012,WEST VIRGINIA,OTHER,14514
2012,WISCONSIN,OTHER,39483
2012,WYOMING,OTHER,10453
2016,ALABAMA,OTHER,75570
2016,ALASKA,OTHER,38767
2016,ARIZONA,OTHER,159597
2016,ARKANSAS,OTHER,65269
2016,CALIFORNIA,OTHER,943997
2016,COLORADO,OTHER,238866
2016,CONNECTICUT,OTHER,74133
2016,DELAWARE,OTHER,20860
2016,DISTRICT OF COLUMBIA,OTHER,17022
2016,FLORIDA,OTHER,297178
2016,GEORGIA,OTHER,147665
2016,HAWAII,OTHER,41926
2016,IDAHO,OTHER,91435
2016,ILLINOIS,OTHER,299680
2016,INDIANA,OTHER,144546
2016,IOWA,OTHER,110928
2016,KANSAS,OTHER,86379
2016,KENTUCKY,OTHER,92324
2016,LOUISIANA,OTHER,70240
2016,MAINE,OTHER,78564
2016,MARYLAND,OTHER,160012
2016,MASSACHUSETTS,OTHER,292732
2016,MICHIGAN,OTHER,250902
2016,MINNESOTA,OTHER,254128
2016,MISSISSIPPI,OTHER,23512
2016,MISSOURI,OTHER,143026
2016,MONTANA,OTHER,37577
2016,NEBRASKA,OTHER,63772
2016,NEVADA,OTHER,74067
2016,NEW HAMPSHIRE,OTHER,49980
2016,NEW JERSEY,OTHER,123835
2016,NEW MEXICO,OTHER,93418
2016,NEW YORK,OTHER,895153
2016,NORTH CAROLINA,OTHER,189617
2016,NORTH DAKOTA,OTHER,33808
2016,OHIO,OTHER,261318
2016,OKLAHOMA,OTHER,83481
2016,OREGON,OTHER,216827
2016,PENNSYLVANIA,OTHER,218228
2016,RHODE ISLAND,OTHER,31076
2016,SOUTH CAROLINA,OTHER,92265
2016,SOUTH DAKOTA,OTHER,24914
2016,TENNESSEE,OTHER,114407
2016,TEXAS,OTHER,406311
2016,UTAH,OTHER,305432
2016,VERMONT,OTHER,46525
2016,VIRGINIA,OTHER,231836
2016,WASHINGTON,OTHER,352554
2016,WEST VIRGINIA,OTHER,34886
2016,WISCONSIN,OTHER,188330
2016,WYOMING,OTHER,28396
2020,ALABAMA,OTHER,32488
2020,ALASKA,OTHER,15801
2020,ARIZONA,OTHER,53497
2020,ARKANSAS,OTHER,34490
2020,CALIFORNIA,OTHER,384202
2020,COLORADO,OTHER,111021
2020,CONNECTICUT,OTHER,28309
2020,DELAWARE,OTHER,7475
2020,DISTRICT OF COLUMBIA,OTHER,8447
2020,FLORIDA,OTHER,101680
2020,GEORGIA,OTHER,64473
2020,HAWAII,OTHER,16790
2020,IDAHO,OTHER,26874
2020,ILLINOIS,OTHER,114937
2020,INDIANA,OTHER,61183
2020,IOWA,OTHER,43397
2020,KANSAS,OTHER,30574
2020,KENTUCKY,OTHER,37648
2020,LOUISIANA,OTHER,36252
2020,MAINE,OTHER,32496
2020,MARYLAND,OTHER,75593
2020,MASSACHUSETTS,OTHER,108601
2020,MICHIGAN,OTHER,85410
2020,MINNESOTA,OTHER,76029
2020,MISSISSIPPI,OTHER,17597
2020,MISSOURI,OTHER,54212
2020,MONTANA,OTHER,15286
2020,NEBRASKA,OTHER,24954
2020,NEVADA,OTHER,32000
2020,NEW HAMPSHIRE,OTHER,15607
2020,NEW JERSEY,OTHER,57744
2020,NEW MEXICO,OTHER,20457
2020,NEW YORK,OTHER,185952
2020,NORTH CAROLINA,OTHER,81737
2020,NORTH DAKOTA,OTHER,11322
2020,OHIO,OTHER,88203
2020,OKLAHOMA,OTHER,36529
2020,OREGON,OTHER,75490
2020,PENNSYLVANIA,OTHER,79380
2020,RHODE ISLAND,OTHER,9582
2020,SOUTH CAROLINA,OTHER,37452
2020,SOUTH DAKOTA,OTHER,11095
2020,TENNESSEE,OTHER,57665
2020,TEXAS,OTHER,165583
2020,UTAH,OTHER,62867
2020,VERMONT,OTHER,15444
2020,VIRGINIA,OTHER,84526
2020,WASHINGTON,OTHER,133368
2020,WEST VIRGINIA,OTHER,13286
2020,WISCONSIN,OTHER,56991
2020,WYOMING,OTHER,11453
